Workbook

Sheet Config
A1: AurinkoAI – tuntiaggregaation testipohja
A3: Max RawData rivit (muokkaa tarvittaessa) | B3: 500
A5: Bin (tuntia) | B5: 1 | D5: UI-aikajana voi olla 1h tick, vaikka data olisi 1–5 min.
A6: Bin (päivinä) | B6: =B5/24 -> 0.041666667
A8: Start (tunti, UTC) | B8: =IF(COUNT(RawData!$A$2:$A$501)=0,"",INT(MIN(RawData!$A$2:$A$501)*24)/24) -> 46017 | D8: Start/End lasketaan RawData-aikaleimoista.
A9: End (tunti, UTC) | B9: =IF(COUNT(RawData!$A$2:$A$501)=0,"",INT(MAX(RawData!$A$2:$A$501)*24)/24 + $B$6) -> 46017.542
A11: Raakadata rivejä (Timestamp) | B11: =COUNT(RawData!$A$2:$A$501) -> 145 | D11: Jos liität enemmän rivejä kuin max, nosta Config!B3 ja kopioi HourStart-kaavat alas.
A12: Aika-alue (min) | B12: =MIN(RawData!$A$2:$A$501) -> 46017
A13: Aika-alue (max) | B13: =MAX(RawData!$A$2:$A$501) -> 46017.5

Sheet RawData
A1: Timestamp_UTC | B1: Speed_km_s | C1: Bz_nT | D1: HourStart_UTC | E1: Comment
A2: 46017 | B2: 419.6 | C2: 3.6 | D2: =IF(A2="","",INT(A2*24)/24) -> 46017
A3: 46017.003 | B3: 424.8 | C3: 3.7 | D3: =IF(A3="","",INT(A3*24)/24) -> 46017
A4: 46017.007 | B4: 433.5 | C4: 1.9 | D4: =IF(A4="","",INT(A4*24)/24) -> 46017
A5: 46017.01 | B5: 426 | C5: 2.5 | D5: =IF(A5="","",INT(A5*24)/24) -> 46017
A6: 46017.014 | B6: 428 | C6: 0.8 | D6: =IF(A6="","",INT(A6*24)/24) -> 46017
A7: 46017.017 | B7: 431.8 | C7: -0.5 | D7: =IF(A7="","",INT(A7*24)/24) -> 46017
A8: 46017.021 | B8: 438.6 | C8: -0.8 | D8: =IF(A8="","",INT(A8*24)/24) -> 46017
A9: 46017.024 | B9: 440 | C9: -1.9 | D9: =IF(A9="","",INT(A9*24)/24) -> 46017
A10: 46017.028 | B10: 448.2 | C10: -0.5 | D10: =IF(A10="","",INT(A10*24)/24) -> 46017
A11: 46017.031 | B11: 456.6 | C11: -0.6 | D11: =IF(A11="","",INT(A11*24)/24) -> 46017
A12: 46017.035 | B12: 451.5 | C12: -1.7 | D12: =IF(A12="","",INT(A12*24)/24) -> 46017
A13: 46017.038 | B13: 447.4 | C13: -1.5 | D13: =IF(A13="","",INT(A13*24)/24) -> 46017
... A146: 46017.5 | B146: 622.5 | C146: 13.4 | D146: =IF(A146="","",INT(A146*24)/24) -> 46017.5
D147: =IF(A147="","",INT(A147*24)/24)
D148: =IF(A148="","",INT(A148*24)/24)
D149: =IF(A149="","",INT(A149*24)/24)
D150: =IF(A150="","",INT(A150*24)/24)
D151: =IF(A151="","",INT(A151*24)/24)
D152: =IF(A152="","",INT(A152*24)/24)
D153: =IF(A153="","",INT(A153*24)/24)
D154: =IF(A154="","",INT(A154*24)/24)
D155: =IF(A155="","",INT(A155*24)/24)
D156: =IF(A156="","",INT(A156*24)/24)
D157: =IF(A157="","",INT(A157*24)/24)
D158: =IF(A158="","",INT(A158*24)/24)
... D501: =IF(A501="","",INT(A501*24)/24)

Sheet Hourly
A1: HourStart_UTC | B1: HourEnd_UTC | C1: N_points | D1: Speed_avg | E1: Bz_min | F1: Bz_neg_% | G1: Severity_0-2 | I1: Ohje:
A2: =Config!$B$8 -> 46017 | B2: =A2+Config!$B$6 -> 46017.042 | C2: =COUNTIF(RawData!$D$2:$D$501,A2) -> 12 | D2: =IF(C2=0,"",AVERAGEIF(RawData!$D$2:$D$501,A2,RawData!$B$2:$B$501)) -> 437.16667 | E2: =IF(C2=0,"",_xludf.MINIFS(RawData!$C$2:$C$501,RawData!$D$2:$D$501,A2)) -> #NAME? | F2: =IF(C2=0,"",COUNTIFS(RawData!$D$2:$D$501,A2,RawData!$C$2:$C$501,"<0")/C2) -> 0.58333333 | G2: =IF(C2=0,"",MIN(2,IF(E2<-10,2,IF(E2<-5,1,0))+IF(D2>600,1,0))) -> #NAME? | I2: 1) Liitä RawData!A:C (Timestamp_UTC, Speed_km_s, Bz_nT).
A3: =A2+Config!$B$6 -> 46017.042 | B3: =A3+Config!$B$6 -> 46017.083 | C3: =COUNTIF(RawData!$D$2:$D$501,A3) -> 12 | D3: =IF(C3=0,"",AVERAGEIF(RawData!$D$2:$D$501,A3,RawData!$B$2:$B$501)) -> 451.01667 | E3: =IF(C3=0,"",_xludf.MINIFS(RawData!$C$2:$C$501,RawData!$D$2:$D$501,A3)) -> #NAME? | F3: =IF(C3=0,"",COUNTIFS(RawData!$D$2:$D$501,A3,RawData!$C$2:$C$501,"<0")/C3) -> 0.5 | G3: =IF(C3=0,"",MIN(2,IF(E3<-10,2,IF(E3<-5,1,0))+IF(D3>600,1,0))) -> #NAME? | I3: 2) HourStart_UTC (sarake D) täyttyy automaattisesti.
A4: =A3+Config!$B$6 -> 46017.083 | B4: =A4+Config!$B$6 -> 46017.125 | C4: =COUNTIF(RawData!$D$2:$D$501,A4) -> 12 | D4: =IF(C4=0,"",AVERAGEIF(RawData!$D$2:$D$501,A4,RawData!$B$2:$B$501)) -> 476.65833 | E4: =IF(C4=0,"",_xludf.MINIFS(RawData!$C$2:$C$501,RawData!$D$2:$D$501,A4)) -> #NAME? | F4: =IF(C4=0,"",COUNTIFS(RawData!$D$2:$D$501,A4,RawData!$C$2:$C$501,"<0")/C4) -> 0 | G4: =IF(C4=0,"",MIN(2,IF(E4<-10,2,IF(E4<-5,1,0))+IF(D4>600,1,0))) -> #NAME? | I4: 3) Hourly-sivu laskee tuntikeskiarvon (Speed_avg) ja Bz-minimin.
A5: =A4+Config!$B$6 -> 46017.125 | B5: =A5+Config!$B$6 -> 46017.167 | C5: =COUNTIF(RawData!$D$2:$D$501,A5) -> 12 | D5: =IF(C5=0,"",AVERAGEIF(RawData!$D$2:$D$501,A5,RawData!$B$2:$B$501)) -> 507.825 | E5: =IF(C5=0,"",_xludf.MINIFS(RawData!$C$2:$C$501,RawData!$D$2:$D$501,A5)) -> #NAME? | F5: =IF(C5=0,"",COUNTIFS(RawData!$D$2:$D$501,A5,RawData!$C$2:$C$501,"<0")/C5) -> 0.083333333 | G5: =IF(C5=0,"",MIN(2,IF(E5<-10,2,IF(E5<-5,1,0))+IF(D5>600,1,0))) -> #NAME? | I5: 4) Jos liität > Max RawData rivit, nosta Config!B3 ja kopioi HourStart-kaavat alas.
A6: =A5+Config!$B$6 -> 46017.167 | B6: =A6+Config!$B$6 -> 46017.208 | C6: =COUNTIF(RawData!$D$2:$D$501,A6) -> 12 | D6: =IF(C6=0,"",AVERAGEIF(RawData!$D$2:$D$501,A6,RawData!$B$2:$B$501)) -> 519.29167 | E6: =IF(C6=0,"",_xludf.MINIFS(RawData!$C$2:$C$501,RawData!$D$2:$D$501,A6)) -> #NAME? | F6: =IF(C6=0,"",COUNTIFS(RawData!$D$2:$D$501,A6,RawData!$C$2:$C$501,"<0")/C6) -> 0 | G6: =IF(C6=0,"",MIN(2,IF(E6<-10,2,IF(E6<-5,1,0))+IF(D6>600,1,0))) -> #NAME?
A7: =A6+Config!$B$6 -> 46017.208 | B7: =A7+Config!$B$6 -> 46017.25 | C7: =COUNTIF(RawData!$D$2:$D$501,A7) -> 12 | D7: =IF(C7=0,"",AVERAGEIF(RawData!$D$2:$D$501,A7,RawData!$B$2:$B$501)) -> 518.29167 | E7: =IF(C7=0,"",_xludf.MINIFS(RawData!$C$2:$C$501,RawData!$D$2:$D$501,A7)) -> #NAME? | F7: =IF(C7=0,"",COUNTIFS(RawData!$D$2:$D$501,A7,RawData!$C$2:$C$501,"<0")/C7) -> 0 | G7: =IF(C7=0,"",MIN(2,IF(E7<-10,2,IF(E7<-5,1,0))+IF(D7>600,1,0))) -> #NAME?
A8: =A7+Config!$B$6 -> 46017.25 | B8: =A8+Config!$B$6 -> 46017.292 | C8: =COUNTIF(RawData!$D$2:$D$501,A8) -> 12 | D8: =IF(C8=0,"",AVERAGEIF(RawData!$D$2:$D$501,A8,RawData!$B$2:$B$501)) -> 532.14167 | E8: =IF(C8=0,"",_xludf.MINIFS(RawData!$C$2:$C$501,RawData!$D$2:$D$501,A8)) -> #NAME? | F8: =IF(C8=0,"",COUNTIFS(RawData!$D$2:$D$501,A8,RawData!$C$2:$C$501,"<0")/C8) -> 0 | G8: =IF(C8=0,"",MIN(2,IF(E8<-10,2,IF(E8<-5,1,0))+IF(D8>600,1,0))) -> #NAME?
A9: =A8+Config!$B$6 -> 46017.292 | B9: =A9+Config!$B$6 -> 46017.333 | C9: =COUNTIF(RawData!$D$2:$D$501,A9) -> 0 | D9: =IF(C9=0,"",AVERAGEIF(RawData!$D$2:$D$501,A9,RawData!$B$2:$B$501)) | E9: =IF(C9=0,"",_xludf.MINIFS(RawData!$C$2:$C$501,RawData!$D$2:$D$501,A9)) | F9: =IF(C9=0,"",COUNTIFS(RawData!$D$2:$D$501,A9,RawData!$C$2:$C$501,"<0")/C9) | G9: =IF(C9=0,"",MIN(2,IF(E9<-10,2,IF(E9<-5,1,0))+IF(D9>600,1,0)))
A10: =A9+Config!$B$6 -> 46017.333 | B10: =A10+Config!$B$6 -> 46017.375 | C10: =COUNTIF(RawData!$D$2:$D$501,A10) -> 12 | D10: =IF(C10=0,"",AVERAGEIF(RawData!$D$2:$D$501,A10,RawData!$B$2:$B$501)) -> 590.28333 | E10: =IF(C10=0,"",_xludf.MINIFS(RawData!$C$2:$C$501,RawData!$D$2:$D$501,A10)) -> #NAME? | F10: =IF(C10=0,"",COUNTIFS(RawData!$D$2:$D$501,A10,RawData!$C$2:$C$501,"<0")/C10) -> 0 | G10: =IF(C10=0,"",MIN(2,IF(E10<-10,2,IF(E10<-5,1,0))+IF(D10>600,1,0))) -> #NAME?
A11: =A10+Config!$B$6 -> 46017.375 | B11: =A11+Config!$B$6 -> 46017.417 | C11: =COUNTIF(RawData!$D$2:$D$501,A11) -> 12 | D11: =IF(C11=0,"",AVERAGEIF(RawData!$D$2:$D$501,A11,RawData!$B$2:$B$501)) -> 605.30833 | E11: =IF(C11=0,"",_xludf.MINIFS(RawData!$C$2:$C$501,RawData!$D$2:$D$501,A11)) -> #NAME? | F11: =IF(C11=0,"",COUNTIFS(RawData!$D$2:$D$501,A11,RawData!$C$2:$C$501,"<0")/C11) -> 0 | G11: =IF(C11=0,"",MIN(2,IF(E11<-10,2,IF(E11<-5,1,0))+IF(D11>600,1,0))) -> #NAME?
A12: =A11+Config!$B$6 -> 46017.417 | B12: =A12+Config!$B$6 -> 46017.458 | C12: =COUNTIF(RawData!$D$2:$D$501,A12) -> 0 | D12: =IF(C12=0,"",AVERAGEIF(RawData!$D$2:$D$501,A12,RawData!$B$2:$B$501)) | E12: =IF(C12=0,"",_xludf.MINIFS(RawData!$C$2:$C$501,RawData!$D$2:$D$501,A12)) | F12: =IF(C12=0,"",COUNTIFS(RawData!$D$2:$D$501,A12,RawData!$C$2:$C$501,"<0")/C12) | G12: =IF(C12=0,"",MIN(2,IF(E12<-10,2,IF(E12<-5,1,0))+IF(D12>600,1,0)))
A13: =A12+Config!$B$6 -> 46017.458 | B13: =A13+Config!$B$6 -> 46017.5 | C13: =COUNTIF(RawData!$D$2:$D$501,A13) -> 12 | D13: =IF(C13=0,"",AVERAGEIF(RawData!$D$2:$D$501,A13,RawData!$B$2:$B$501)) -> 617.75833 | E13: =IF(C13=0,"",_xludf.MINIFS(RawData!$C$2:$C$501,RawData!$D$2:$D$501,A13)) -> #NAME? | F13: =IF(C13=0,"",COUNTIFS(RawData!$D$2:$D$501,A13,RawData!$C$2:$C$501,"<0")/C13) -> 0 | G13: =IF(C13=0,"",MIN(2,IF(E13<-10,2,IF(E13<-5,1,0))+IF(D13>600,1,0))) -> #NAME?
A14: =A13+Config!$B$6 -> 46017.5 | B14: =A14+Config!$B$6 -> 46017.542 | C14: =COUNTIF(RawData!$D$2:$D$501,A14) -> 1 | D14: =IF(C14=0,"",AVERAGEIF(RawData!$D$2:$D$501,A14,RawData!$B$2:$B$501)) -> 622.5 | E14: =IF(C14=0,"",_xludf.MINIFS(RawData!$C$2:$C$501,RawData!$D$2:$D$501,A14)) -> #NAME? | F14: =IF(C14=0,"",COUNTIFS(RawData!$D$2:$D$501,A14,RawData!$C$2:$C$501,"<0")/C14) -> 0 | G14: =IF(C14=0,"",MIN(2,IF(E14<-10,2,IF(E14<-5,1,0))+IF(D14>600,1,0))) -> #NAME?
A15: =A14+Config!$B$6 -> 46017.542 | B15: =A15+Config!$B$6 -> 46017.583 | C15: =COUNTIF(RawData!$D$2:$D$501,A15) -> 0 | D15: =IF(C15=0,"",AVERAGEIF(RawData!$D$2:$D$501,A15,RawData!$B$2:$B$501)) | E15: =IF(C15=0,"",_xludf.MINIFS(RawData!$C$2:$C$501,RawData!$D$2:$D$501,A15)) | F15: =IF(C15=0,"",COUNTIFS(RawData!$D$2:$D$501,A15,RawData!$C$2:$C$501,"<0")/C15) | G15: =IF(C15=0,"",MIN(2,IF(E15<-10,2,IF(E15<-5,1,0))+IF(D15>600,1,0)))
A16: =A15+Config!$B$6 -> 46017.583 | B16: =A16+Config!$B$6 -> 46017.625 | C16: =COUNTIF(RawData!$D$2:$D$501,A16) -> 0 | D16: =IF(C16=0,"",AVERAGEIF(RawData!$D$2:$D$501,A16,RawData!$B$2:$B$501)) | E16: =IF(C16=0,"",_xludf.MINIFS(RawData!$C$2:$C$501,RawData!$D$2:$D$501,A16)) | F16: =IF(C16=0,"",COUNTIFS(RawData!$D$2:$D$501,A16,RawData!$C$2:$C$501,"<0")/C16) | G16: =IF(C16=0,"",MIN(2,IF(E16<-10,2,IF(E16<-5,1,0))+IF(D16>600,1,0)))
A17: =A16+Config!$B$6 -> 46017.625 | B17: =A17+Config!$B$6 -> 46017.667 | C17: =COUNTIF(RawData!$D$2:$D$501,A17) -> 0 | D17: =IF(C17=0,"",AVERAGEIF(RawData!$D$2:$D$501,A17,RawData!$B$2:$B$501)) | E17: =IF(C17=0,"",_xludf.MINIFS(RawData!$C$2:$C$501,RawData!$D$2:$D$501,A17)) | F17: =IF(C17=0,"",COUNTIFS(RawData!$D$2:$D$501,A17,RawData!$C$2:$C$501,"<0")/C17) | G17: =IF(C17=0,"",MIN(2,IF(E17<-10,2,IF(E17<-5,1,0))+IF(D17>600,1,0)))
... A97: =A96+Config!$B$6 -> 46020.958 | B97: =A97+Config!$B$6 -> 46021 | C97: =COUNTIF(RawData!$D$2:$D$501,A97) -> 0 | D97: =IF(C97=0,"",AVERAGEIF(RawData!$D$2:$D$501,A97,RawData!$B$2:$B$501)) | E97: =IF(C97=0,"",_xludf.MINIFS(RawData!$C$2:$C$501,RawData!$D$2:$D$501,A97)) | F97: =IF(C97=0,"",COUNTIFS(RawData!$D$2:$D$501,A97,RawData!$C$2:$C$501,"<0")/C97) | G97: =IF(C97=0,"",MIN(2,IF(E97<-10,2,IF(E97<-5,1,0))+IF(D97>600,1,0)))
